"An Lushan","安祿山""An Qingxu","安慶緒""An Sishun","安思順""An Taiqing","安太清""An Xinggui","安興貴""An Xiuren","安修仁""Ashina Sheer","阿史那社爾""Ashina Sunishi","阿史那蘇尼失""Ashina Zhong","阿史那忠""Bai Juyi","白居易""Bai Minzhong","白敏中""Bai Qi","柏耆""Bai Xiaode","白孝德""Bai Xingjian","白行簡""Bai Yuanguang","白元光""Bai Zhizhen","白志貞""Ban Jingqian","班景倩""Bao Fang","鮑防""Bao Ji","包佶""Bi Gou","畢構""Bi Shang","畢坰""Bi Xian","畢諴""Bi Xu","畢栩""Cai Xide","蔡希德""Cao Hua","曹華""Cao Que","曹確""Cen Wenben","岑文本""Chai Shao","柴紹""Chang Cui","暢璀""Chang Gun","常衮""Chang Lu","常魯""Changsun Anshi","長孫安世""Changsun Quanxu","長孫全緒""Changsun Sheng","長孫晟""Changsun Shunde","長孫順德""Chen ¶","陳稜""Chen Baoyu","陳寶遇""Chen Chu","陳楚""Chen Jingzhi","陳敬之""Chen Junbin","陳君賓""Chen Qing","陳慶""Chen Shaoyou","陳少遊""Chen Shuda","陳叔達""Chen Xilie","陳希烈""Chen Yan","陳儼""Chen Yixing","陳夷行""Chen Ziang","陳子昂""Cheng Huaizhi","程懷直""Cheng Quan","程權""Cheng Rihua","程日華""Cheng Wuting","程務挺""Cheng Yi","程异""Cheng Zhijie","程知節""Chou Shiliang","仇士良""Chu Liang","褚亮""Chu Suiliang","褚遂良""Chu Wuliang","褚無量""Cui ?","崔䪻""Cui An","崔黯""Cui Bin","崔邠""Cui Chengchong","崔承寵""Cui Dan","崔澹""Cui Dan(2)","崔鄲""Cui Dunli","崔敦禮""Cui Gan","崔幹""Cui Gong(2)","崔珙""Cui Guan","崔瓘""Cui Guan","崔琯""Cui Guangyuan","崔光遠""Cui Hang","崔沆""Cui Hanheng","崔漢衡""Cui Hongli","崔弘禮""Cui Huan","崔渙""Cui Hui","崔繪""Cui Hun","崔渾""Cui Jie","崔碣""Cui Jing","崔涇""Cui Juan","崔涓""Cui Junsu","崔君肅""Cui Kuan","崔寬""Cui Leng","崔倰""Cui Li","崔蠡""Cui Mian","崔沔""Cui Ning","崔寧""Cui Qi","崔器""Cui Qianyou","崔乾祐""Cui Qu","崔璩""Cui Que","崔確""Cui Qun","崔羣""Cui Riyong","崔日用""Cui Rizhi","崔日知""Cui Rong","崔戎""Cui Rong","崔融""Cui Shan","崔鄯""Cui Shi","崔湜""Cui Shu","崔樞""Cui Xian","崔咸""Cui Xuan","崔鉉""Cui Xuan","崔夐""Cui Xuanliang","崔玄亮""Cui Xuanwei","崔玄暐""Cui Xun","崔郇""Cui Yan","崔巖""Cui Yan","崔郾""Cui Yanzhao","崔彥昭""Cui Yao","崔蕘""Cui Yin(3)","崔胤""Cui Yinfu","崔隱甫""Cui Ying","崔郢""Cui Youfu","崔祐甫""Cui Yuan","崔遠""Cui Yuan","崔圓""Cui Yuan(3)","崔涓""Cui Yuanlue","崔元略""Cui Yuanru","崔元儒""Cui Yuanshi","崔元式""Cui Yuanshou","崔元受""Cui Yuanzong","崔元綜""Cui Zao(2)","崔造""Cui Zhi(3)","崔植""Cui Zong","崔縱""Cui Zongzhi","崔宗之""Dai Xiuyan","戴休顏""Deng Hao","鄧暠""Deng Jingshan","鄧景山""Di Guangsi","狄光嗣""Di Jianmo","狄兼謨""Di Renjie","狄仁傑""Diwu Feng","第五峯""Diwu Hua","第五華""Diwu Qi","第五琦""Dong Jin","董晉""Dong Xiu","董秀""Dong Zhongzhi","董重質""Dou Can","竇參""Dou Chang","竇常""Dou Chi","竇熾""Dou Cong","竇琮""Dou Dan","竇誕""Dou Fengjie","竇奉節""Dou Gong","竇鞏""Dou Gui","竇軌""Dou Huaizhen","竇懷貞""Dou Huan","竇澣""Dou Jin","竇璡""Dou Jing","竇靜""Dou Kang","竇抗""Dou Lvxin","竇履信""Dou Mou","竇牟""Dou Qing","竇慶""Dou Qun","竇群""Dou Wei","竇威""Dou Xiang","竇庠""Dou Xiaochen","竇孝諶""Dou Yan","竇衍""Dou Yi(2)","竇毅""Dou Yizhi","竇易直""Doulu Da","豆盧達""Doulu Qinwang","豆盧欽望""Doulu Zhuan","豆盧瑑""Du  Yuanying","杜元穎""Du Chuke","杜楚客""Du Cong","杜悰""Du Congyu","杜從郁""Du Fu","杜甫""Du Fuwei","杜伏威""Du Gao","杜羔""Du Hongjian","杜鴻漸""Du Huangshang","杜黃裳""Du Jian","杜兼""Du Jingquan","杜景佺""Du Junchao","杜君綽""Du Mian","杜冕""Du Mu","杜牧""Du Ruhui","杜如晦""Du Shifang","杜式方""Du Xian(2)","杜暹""Du Xiquan","杜希全""Du Ya","杜亞""Du Yan","杜淹""Du You","杜佑""Du Zhenglun","杜正倫""Du Zhisong","杜之松""Du Zhongli","杜中立""Duan Chengshi","段成式""Duan Da","段達""Duan Decao","段德操""Duan Pingzhong","段平仲""Duan Wenchang","段文昌""Duan Xiushi","段秀實""Duan Zhixuan","段志玄""Duan Zuo","段佐""Dugu Huaien","獨孤懷恩""Dugu Lang","獨孤朗""Dugu Sun","獨孤損""Dugu Yanyun","獨孤彥雲""Dugu Ying","獨孤穎""Dugu Yu","獨孤郁""Fan Chuanzheng","范傳正""Fan Xichao","范希朝""Fan Ze","樊澤""Fang Guan","房琯""Fang Rufu","房孺復""Fang Shi","房式""Fang Xuanling","房玄齡""Fang Yiai","房遺愛""Fei Yao","費曜""Feng Ang","馮盎""Feng Ao","封敖""Feng Changming","馮長命""Feng Changqing","封常清""Feng Ding","馮定""Feng Heqing","馮河清""Feng Li","馮立""Feng Lun","封倫""Feng Shen","馮審""Feng Su","馮宿""Feng Xinggao","封行高""Feng Yandao","封言道""Feng Zixiu","封子繡""Fu Jian(2)","苻堅""Gao Chengjian","高承簡""Gao Chongwen","高崇文""Gao Ding","高定""Gao Feng","高馮""Gao Gu","高固""Gao Hui","高暉""Gao Jian","高儉""Gao Jiong","高熲""Gao Kai","高鍇""Gao Kaidao","高開道""Gao Lishi","高力士""Gao Lvxing","高履行""Gao Manzheng","高滿政""Gao Mu","高沐""Gao Qu","高璩""Gao Shaoyi","高少逸""Gao Sheng","高昇""Gao Shi","高適""Gao Xianzhi","高仙芝""Gao Xiayu","高霞寓""Gao Xiuyan","高秀巖""Gao Yi","高釴""Gao Ying","高郢""Gao Yu","高瑀""Gao Yuanyu","高元裕""Gao Zengsheng","高甑生""Gao Zhenxing","高真行""Gao Zhu","高銖""Geng Yan","耿弇""Geshu Han","哥舒翰""Geshu Huang","哥舒晃""Gongsun Wuda","公孫武達""Gu Shiyong","顧師邕""Guan Chongsi","管崇嗣""Guan Zhong","管仲""Gui Chongjing","歸崇敬""Gui Deng","歸登""Gui Rong","歸融""Guo Ai","郭曖""Guo Chengjia","郭承嘏""Guo Cong","郭鏦""Guo Daiju","郭待舉""Guo Fan","郭鐇""Guo Gan(2)","郭旰""Guo Gang","郭鋼""Guo Han","郭翰""Guo Jingzhi","郭敬之""Guo Jun","郭鈞""Guo Po","郭昢""Guo Qianguan","郭虔瓘""Guo Shanyun","郭山惲""Guo Shu(2)","郭曙""Guo Wu","郭晤""Guo Xi(2)","郭晞""Guo Xian","郭銛""Guo Xianqiu","郭獻璆""Guo Xiaoke","郭孝恪""Guo Xin","郭昕""Guo Xingfang","郭行方""Guo Xingyu","郭行餘""Guo Xun","郭絢""Guo Yao","郭曜""Guo Ying","郭映""Guo Yingjie","郭英傑""Guo Yingyi","郭英乂""Guo Youming","郭幼明""Guo Yuanzhen","郭元振""Guo Zhao(2)","郭釗""Guo Zhiyun","郭知運""Guo Zhonggong","郭仲恭""Guo Zhongwen","郭仲文""Guo Ziyi","郭子儀""Han Chaozong","韓朝宗""Han Chong","韓充""Han Ci","韓佽""Han Damin","韓大敏""Han Gao","韓皋""Han Gongwu","韓公武""Han Hong","韓洪""Han Hong","韓弘""Han Huang","韓滉""Han Hui","韓洄""Han Qinhu","韓擒虎""Han Quanyi","韓全義""Han Qun","韓羣""Han Sifu","韓思復""Han Wo","韓偓""Han Xin","韓信""Han Xiu","韓休""Han Yi","韓儀""Han Yougui","韓遊瓌""Han Yu","韓愈""Han Yue","韓約""Hao Chujun","郝處俊""Hao Ci","郝玼""Hao Tingyu","郝廷玉""He Fengyao","和逢堯""Heichi Changzhi","黑齒常之""Helan Jinming","賀蘭進明""Hou Junji","侯君集""Hou Xiyi","侯希逸""Hu Faguang","許法光""Hu Fuqian","許輔乾""Hu Qinji","許欽寂""Hu Qinming","許欽明""Hu Shao","許紹""Hu Shuji","許叔冀""Hu Xiang","胡湘""Hu Yan","胡演""Hu Yin","胡溵""Hu Yuanfan","胡元範""Hu Zheng","胡証""Hu Zhiren","許智仁""Huan Fasi","桓法嗣""Huan Xuanfan","桓玄範""Huan Yanfan","桓彥範""Huang Junhan","黃君漢""Huangfu Shen","皇甫侁""Huangfu Shi","皇甫湜""Huangfu Wuyi","皇甫無逸""Hun Jian","渾瑊""Hun Rijin","渾日進""Hun Shizhi","渾釋之""Huo Qubing","霍去病""Ji Chune","紀處訥""Ji Guangchen","季廣琛""Ji Wen","吉溫""Ji Xu","吉頊""Jia Dan","郟亶""Jia Dan","賈耽""Jia Dao","賈島""Jia Shishun","賈師順""Jia Su","賈餗""Jia Yanzhong","賈言忠""Jia Yi(2)","賈誼""Jia Zeng","賈曾""Jia Zhi","賈至""Jiang Baoyi","姜寶誼""Jiang Gongfu","姜公輔""Jiang Jiao","姜皎""Jiang Mo","姜謩""Jiang Qinxu","蔣欽緒""Jiang Rouyuan","姜柔遠""Jiang Shen","蔣伸""Jiang Xi","蔣係""Jiang Xingben","姜行本""Jiang Yi","蔣乂""Jie Li","頡利""Jie Wan","解琬""Jin Wenyan","晉文衍""Jing Hui","敬晦""Jing Hui","敬暉""Jing Kuo","敬括""Jing Yu","敬羽""Jing Yuanying","敬元膺""Kan ¶","闞稜""Kong Chaofu","孔巢父""Kong Deshao","孔德紹""Kong Ji","孔戢""Kong Kan","孔戡""Kong Kui","孔戣""Lai Huer","來護兒""Lai Ji","來濟""Lai Junchen","來俊臣""Lai Tian","來瑱""Li Anyuan","李安遠""Li Ao","李翱""Li Baiyao","李百藥""Li Baochen","李寶臣""Li Baoyu","李抱玉""Li Baozhen","李抱真""Li Bin","李玢""Li Bo","李渤""Li Boyi","李博乂""Li Can(4)","李粲""Li Chan","李躔""Li Chang","李常""Li Changqing","李長卿""Li Chao","李綽""Li Chaoyin","李朝隱""Li Chen","李諶""Li Chen","李琛""Li Cheng","李程""Li Cheng","李承""Li Cheng","李程""Li Chengcai","李承寀""Li Chenghong","李承宏""Li Chengning","李承寧""Li Chengqian","李承乾""Li Chengyu","李成裕""Li Chengzhao","李承昭""Li Chongfu","李重福""Li Chongjie","李充節""Li Chongxu","李沖虛""Li Chongxuan","李沖玄""Li Chongyi","李崇義""Li Chou","李綢""Li Chulin","李楚琳""Li Chun(2)","李純""Li Chunfeng","李淳風""Li Cong","李琮""Li Daliang","李大亮""Li Daoli","李道立""Li Daoxuan","李道玄""Li Daoyan","李道彥""Li Daoyu","李道裕""Li Daozong","李道宗""Li Delin","李德林""Li Deyu","李德裕""Li Duozuo","李多祚""Li E","李諤""Li Fan","李藩""Li Fan","李範""Li Feng","李鳳""Li Fengji","李逢吉""Li Fu","李福""Li Fu","李復""Li Fuguo","李輔國""Li Fuye","李福業""Li Gan","李甘""Li Gan","黎幹""Li Gang","李綱""Li Gao","李暠""Li Gao","李臯""Li Gaoqian","李高遷""Li Gong","李珙""Li Gongchang","李公昌""Li Gou","李遘""Li Guan","李觀""Li Guan","李瓘""Li Guang","李僙""Li Guangbi","李光弼""Li Guangdu","李光度""Li Guangjin","李光進""Li Guangjin","李光進""Li Guangli","李廣利""Li Guangshun","李光順""Li Guangyan","李光顏""Li Gui","李軌""Li Gui","李珪""Li Guochen","李國臣""Li Guozhen","李國貞""Li Guyan","李固言""Li Han","李涵""Li Han","李涵""Li Heng","李衡""Li Heng","李亨""Li Heng(2)","李恆""Li Hong","李紘""Li Hong","李弘""Li Hongjie","李弘節""Li Huaiguang","李懷光""Li Huaixian","李懷仙""Li Huaiyuan","李懷遠""Li Huan","李環""Li Huan(5)","李峘""Li Huang","李瑝""Li Hun","李緄""Li Ji","李績""Li Ji","李緝""Li Ji(7)","李勣""Li Jian","李兼""Li Jian","李建""Li Jiancheng","李建成""Li Jiang","李絳""Li Jianhui","李建徽""Li Jiao","李璬""Li Jiao","李佼""Li Jie","李誡""Li Jie","李結""Li Jie","李傑""Li Jie","李皆""Li Jifu","李吉甫""Li Jin","李璡""Li Jin","李瑾""Li Jin","李僅""Li Jinchao","李進超""Li Jing","李經""Li Jing","李靖""Li Jing","李經""Li Jingbo","李景伯""Li Jinglve","李景略""Li Jingrang","李景讓""Li Jingwen","李景溫""Li Jingye","李敬業""Li Jinxian","李進賢""Li Jiong","李迥""Li Jiongxiu","李迥秀""Li Jiqing","李季卿""Li Ju","李琚""Li Ju","李巨""Li Jue","李珏""Li Junyan","李君羨""Li Ke(2)","李恪""Li Keshi","李客師""Li Kuan","李款""Li Kui","李逵""Li Kui","李揆""Li Kuo","李廓""Li Kuo","李适""Li Lian","李連""Li Liang","李諒""Li Lin","李琳""Li Lin","李琳""Li Lin","李璘""Li Lin","李麟""Li Linfu","李林甫""Li Lingkui","李靈夔""Li Lingwen","李令問""Li Lingyao","李靈耀""Li Lizhi","李麗質""Li Longji","李隆基""Li Luan","李欒""Li Lun","李綸""Li Mao","李瑁""Li Mengchang","李孟嘗""Li Mi","李密""Li Miao","李邈""Li Na","李納""Li Nai","李迺""Li Pengnian","李彭年""Li Qi","李綺""Li Qi","李琦""Li Qian","李謙""Li Qiao","李嶠""Li Qiu","李絿""Li Qiu","李璆""Li Qiwu","李齊物""Li Quanlve","李全略""Li Rangyi","李讓夷""Li Rizhi","李日知""Li Rong","李融""Li Ruochu","李若初""Li Ruoshui","李若水""Li Shan","李繕""Li Shan","李善""Li Shangjin","李上金""Li Shangyin","李尚隱""Li Shaokang","李少康""Li Shen","李紳""Li Shen","李伸""Li Shenfu","李神符""Li Sheng","李昇""Li Sheng","李晟""Li Shi","李石""Li Shidao","李師道""Li Shigu","李師古""Li Shimin","李世民""Li Shixian","李師賢""Li Shizhen","李士眞""Li Shizhi","李師智""Li Shizhi","李適之""Li Shou","李壽""Li Shouli","李守禮""Li Shouyi","李守義""Li Shu","李紓""Li Shu","李璹""Li Shu","李述""Li Shu","李紓""Li Shuang","李爽""Li Shuliang","李叔良""Li Shuo","李說""Li Si","李偲""Li Simo","李思摩""Li Siwen","李思文""Li Sixing","李思行""Li Siye","李嗣業""Li Sizhuang","李嗣莊""Li Song(6)","李誦""Li Su","李遡""Li Su","李愬""Li Sui","李璲""Li Sujie","李素節""Li Tan","李倓""Li Tian","李瑱""Li Ting","李珽""Li Ting","李侹""Li Tong","李通""Li Tongjie","李同捷""Li Tongqing","李洞清""Li Wan","李綰""Li Wan","李萬""Li Wan","李琬""Li Wanrong","李萬榮""Li Wei","李緯""Li Wei","李蔚""Li Wei","李洧""Li Wei","李撝""Li Weicheng","李惟誠""Li Weijian","李惟簡""Li Weiyue","李惟岳""Li Weiyue","李惟岳""Li Wentong","李文通""Li Xi","李係""Li Xi","李磎""Li Xian","李諴""Li Xian","李憲""Li Xian","李僴""Li Xian","李暹""Li Xian","李賢""Li Xian","李峴""Li Xiang","李詳""Li Xiang","李緗""Li Xiao","李翛""Li Xiao","李孝""Li Xiaoben","李孝本""Li Xiaochang","李孝常""Li Xiaogong","李孝恭""Li Xiaoji","李孝基""Li Xiaotong","李孝同""Li Xiaoyi","李孝逸""Li Xilie","李希烈""Li Xiyu","李襲譽""Li Xiyun","李栖筠""Li Xizhi","李襲志""Li Xu","李頊""Li Xuan","李璿""Li Xuandao","李玄道""Li Xun","李遜""Li Xun","李訓""Li Xun","李絢""Li Xun","李珣""Li Xun","李濬""Li Xun","李迅""Li Xun","李巽""Li Xun","李纁""Li Yan","李琰""Li Ye","李燁""Li Ye","李業""Li Yi","李誼""Li Yi","李𤤺""Li Yi","李誼""Li Yi","李乂""Li Yi","李錡""Li Yi","李逸""Li Yi(21)","李嶧""Li Yifu","李義府""Li Yijian","李夷簡""Li Yin","李諲""Li Ying","李瑛""Li Yong","李鄘""Li You","李祐""Li Yu","李瑀""Li Yu","李逾""Li Yu","李遇""Li Yu","李遹""Li Yu(8)","李豫""Li Yuan","李謜""Li Yuan","李愿""Li Yuan","李瑗""Li Yuanben","李元本""Li Yuanchang","李元昌""Li Yuangui","李元軌""Li Yuanheng","李元亨""Li Yuanhong","李元紘""Li Yuanji","李元吉""Li Yuanjia","李元嘉""Li Yuanjing","李元景""Li Yuanli","李元禮""Li Yuanliang","李元諒""Li Yuanming","李元名""Li Yuanqing","李元慶""Li Yuansu","李元素""Li Yuanxiang","李元祥""Li Yuanxiao","李元曉""Li Yuanyi","李元懿""Li Yuanying","李元嬰""Li Yuanyu","李元裕""Li Yuanze","李元則""Li Yuanzhong","李元忠""Li Yue","李約""Li Yuzhong","李虞仲""Li Zao","李造""Li Zeyan","李擇言""Li Zezhi","李則之""Li Zhan","李湛""Li Zhang","李璋""Li Zhaode","李昭德""Li Zhen","李珍""Li Zhen","李鎮""Li Zhengji","李正己""Li Zhensu","李貞素""Li Zhi","李質""Li Zhiyun","李智雲""Li Zhongchen","李忠臣""Li Zhongjun","李重俊""Li Zhongmao","李重茂""Li Zhongmin","李中敏""Li Zhongwen","李仲文""Li Zhou","李舟""Li Zhu","李柱""Li Zhui","李倕""Li Zihe","李子和""Li Ziliang","李自良""Li Zixiong","李子雄""Li Zong","李縱""Li Zong","李綜""Li Zongchen","李宗臣""Li Zonghui","李宗暉""Li Zongmin","李宗閔""Liang Chongyi","梁崇義""Liang Li","梁禮""Liang Su","梁肅""Lifei Yuanli","荔非元禮""Lin Gao","藺杲""Linghu Defen","令狐德棻""Linghu Huan","令狐峘""Linghu Jian","令狐建""Linghu Pi","令狐濞""Linghu Tong","令狐通""Linghu Yun","令狐運""Linghu Zhang","令狐彰""Liu Bi","柳璧""Liu Bochu","劉伯芻""Liu Can","柳璨""Liu Chang","劉昌""Liu Changqing","劉長卿""Liu Changyi","劉昌裔""Liu Cheng","柳澄""Liu Chongli","柳崇禮""Liu Congjian","劉從諫""Liu Congyi(3)","劉從一""Liu Deng","柳登""Liu Dewei","劉德威""Liu Duanfu","劉端夫""Liu Fen","劉蕡""Liu Gongchuo","柳公綽""Liu Gongdu","柳公度""Liu Gongquan","柳公權""Liu Hongji","劉弘基""Liu Huanjun","劉環雋""Liu Hui","劉彙""Liu Hun","柳渾""Liu Ji","劉洎""Liu Ji","劉濟""Liu Jing","柳璟""Liu Jiong","劉迥""Liu Jizhen","劉季真""Liu Kuanfu","劉寬夫""Liu Kuang","劉貺""Liu Lan","劉蘭""Liu Linfu","劉林甫""Liu Lingzhi","劉令植""Liu Mian","柳冕""Liu Mian","劉沔""Liu Nai","劉迺""Liu Neyan","劉訥言""Liu Peng","劉怦""Liu Pi","劉闢""Liu Pi","柳玭""Liu Qia","劉洽""Liu Qichu","劉栖楚""Liu Qingxiu","柳慶休""Liu Qixian","劉齊賢""Liu Quanliang","劉全諒""Liu Rengui","劉仁軌""Liu Ruzhi","劉孺之""Liu Shi","柳識""Liu Shi(3)","柳奭""Liu Shigan","劉士幹""Liu Shijing","劉士涇""Liu Shili","劉師立""Liu Shilong","劉世龍""Liu Shining","劉士寧""Liu Shirang","劉世讓""Liu Su","劉餗""Liu Tan","柳惔""Liu Tan","柳潭""Liu Wenjing","劉文靜""Liu Wu","劉悟""Liu Xiangdao","劉祥道""Liu Xixian","劉希暹""Liu Xuanzuo","劉玄佐""Liu Xun","劉迅""Liu Yan","劉晏""Liu Ye","劉鄴""Liu Yi","劉义""Liu Yizhi","劉禕之""Liu Yong","劉澭""Liu Youqiu","劉幽求""Liu Yunzhang","劉允章""Liu Yuxi","劉禹錫""Liu Zhan","劉瞻""Liu Zhan","劉展""Liu Zhen","劉稹""Liu Zhenghui","劉政會""Liu Zhi","劉秩""Liu Zhiji","劉知幾""Liu Zhijing","劉執經""Liu Zhirou","劉知柔""Liu Zhongying","柳仲郢""Liu Zhuan","劉瑑""Liu Zi(2)","劉滋""Liu Zihua","柳子華""Liu Ziyi","劉子翼""Liu Ziyi","劉子翊""Liu Zong","劉總""Liu Zongjing","劉宗經""Liu Zongyuan","柳宗元""Lou Shide","婁師德""Lu Cangyong","盧藏用""Lu Changyuan","陸長源""Lu Congdian","陸從典""Lu Congyuan","盧從愿""Lu Gen","陸亘""Lu Guangqi","盧光啟""Lu Gui","魯炅""Lu Han","盧翰""Lu Hongzheng","盧弘正""Lu Huaishen","盧懷慎""Lu Huan","盧奐""Lu Jianci","盧簡辭""Lu Jianfang","盧簡方""Lu Jianneng","盧簡能""Lu Jianqiu","盧簡求""Lu Jingqian(2)","陸景倩""Lu Jingrong","陸景融""Lu Jun","盧鈞""Lu Mi","路泌""Lu Qi","盧杞""Lu Qun","路群""Lu Qun","盧羣""Lu Rubi","盧汝弼""Lu Ruoxu","盧若虛""Lu Shimei","盧士玫""Lu Shizhan","盧士瞻""Lu Shu","路恕""Lu Sidao","盧思道""Lu Sigong","路嗣恭""Lu Siye","盧嗣業""Lu Sui","路隨""Lu Tan","盧坦""Lu Tong","盧仝""Lu Xiangxian","陸象先""Lu Xie","盧攜""Lu Xisheng","陸希聲""Lu Yan","路巖""Lu Yi","陸扆""Lu Yuanfang","陸元方""Lu Yuqing","陸餘慶""Lu Zao","陸璪""Lu Zheng","盧徵""Lu Zhi","陸贄""Lu Zhiyou","盧知猷""Lu Zong","盧樅""Lu Zushang","盧祖尚""Luo Binwang","駱賓王""Luo Liyan","羅立言""Luo Shixin","羅士信""Luo Yi","羅藝""Lv Chongben","呂崇賁""Lv Chongmao","呂崇茂""Lv Min","呂珉""Lv Taiyi","呂太一""Lv Wei","呂渭""Lv Yin","呂諲""Lv Yuanying","呂元膺""Ma Huaisu","馬懷素""Ma Lin","馬璘""Ma Sui(2)","馬燧""Ma Zhi","馬植""Ma Zong","馬摠""Ma Zong","馬總""Meng Jian","孟簡""Meng Jiao","孟郊""Meng She","孟涉""Meng Yao","孟瑤""Meng Yuanyang","孟元陽""Miao Jinqing","苗晉卿""Mu Ning","穆寧""Mu Shang","穆賞""Mu Yuan","穆員""Mu Zan","穆贊""Mu Zhi","穆質""Neng Yuanhao","能元皓""Ni Ruoshui","倪若水""Niu Cong","牛叢""Niu Hong","牛弘""Niu Hui(2)","牛徽""Niu Mingjun","牛名俊""Niu Sengru","牛僧孺""Niu Wei","牛蔚""Niu Xianke","牛仙客""Niu Xiu","牛秀""Niu Yuanyi","牛元翼""Pan Haoli","潘好禮""Pan Mengyang","潘孟陽""Pang Yan","龐嚴""Pang Yu","龐玉""Pei Bin","裴玢""Pei Chengguang","裴承光""Pei Cui","裴漼""Pei Du","裴度""Pei Hui(3)","裴徽""Pei Ji","裴垍""Pei Ji","裴勣""Pei Ji(4)","裴寂""Pei Ji(5)","裴佶""Pei Ju","裴矩""Pei Judao","裴居道""Pei Kuan","裴寬""Pei Lin","裴潾""Pei Mian","裴冕""Pei Nezhi","裴訥之""Pei Renji","裴仁基""Pei Rong","裴茙""Pei Shen","裴諗""Pei Shi","裴識""Pei Shouzhen","裴守真""Pei Shu","裴樞""Pei Tan","裴談""Pei Tan","裴坦""Pei Tian","裴腆""Pei Xiang","裴向""Pei Xingfang","裴行方""Pei Xingjian","裴行儉""Pei Xingli","裴行立""Pei Xingyan","裴行儼""Pei Xiu","裴休""Pei Xu","裴諝""Pei Xuangui","裴玄珪""Pei Xuanji","裴宣機""Pei Yan","裴炎""Pei Yanling","裴延齡""Pei Yanxian","裴彥先""Pei Yaoqing","裴耀卿""Pei Ye(2)","裴液""Pei Zhou","裴冑""Pei Zhouxian","裴伷先""Pei Ziyu","裴子餘""Pei Zunqing","裴遵慶""Pugu Bin","僕固玢""Pugu Huaien","僕固懷恩""Pugu Yang","僕固瑒""Qi Huan","齊澣""Qi Kang","齊抗""Qi Ying","齊映""Qian Hui","錢徽""Qian Jiulong","錢九隴""Qian Kefu","錢可復""Qian Xu","錢珝""Qiao Lin","喬琳""Qibie Heli","契苾何力""Qin Shubao","秦叔寶""Qin Wutong","秦武通""Qiu He","丘和""Qiu Shenji","丘神勣""Qiu Shili","丘師利""Qiu Shou","丘壽""Qiu Xinggong","丘行恭""Qu Bin","曲彬""Qu Huan","曲環""Quan Deyu","權德輿""Quan Qu","權璩""Quan Wei","權威""Qutu Tong","屈突通""Ren Gui","任瓌""Shang Kegu","尚可孤""Shangguan Tingzhi","上官庭芝""Shangguan Waner","上官婉兒""Shangguan Yi","上官儀""Shen Bo","申伯""Shen Chuanshi","沈傳師""Shen Jiefu","沈介福""Shen Xun","沈詢""Shen Yizhi","沈易直""Shen Zhen","沈震""Shi Chaoyi","史朝義""Shi Danai","史大奈""Shi Hong","石洪""Shi Jingfeng","史敬奉""Shi Siming","史思明""Shi Wanbao","史萬寶""Shi Wuzi","史務滋""Shi Xiong","石雄""Shu Yuanyu","舒元輿""Song Ding","宋鼎""Song Hun","宋渾""Song Jing","宋璟""Song Lie","宋烈""Song Qingli","宋慶禮""Song Ruolun","宋若倫""Song Ruoshen","宋若莘""Song Ruoxian","宋若憲""Song Ruoxun","宋若荀""Song Ruozhao","宋若昭""Song Shenxi","宋申錫""Song Tingfen","宋廷芬""Su Gan","蘇幹""Su Gui","蘇瓌""Su Jin","蘇晉""Su Meidao","蘇味道""Su Shen","蘇詵""Su Ting","蘇頲""Su Wei","蘇威""Su Xiang","蘇翔""Su Xiang","蘇珦""Su Xu","蘇勗""Su Zhen(3)","蘇震""Sun Jian(2)","孫簡""Sun Wo","孫偓""Tang Chaochen","唐朝臣""Tang Fengyi","唐奉義""Tang Jian","唐鑒""Tang Jian","唐儉""Tang Jiao","唐皎""Tang Lin","唐林""Tang Lin","唐臨""Tang Qu","唐衢""Tang Shao","唐紹""Tang Xiujing","唐休璟""Tang Yi","唐禕""Tang Yong(2)","唐邕""Tang Zhiji","唐之奇""Tian Bu","田布""Tian Chengsi","田承嗣""Tian Deping","田德平""Tian Hongzheng","田弘正""Tian Jian","田季安""Tian Jigao","田季羔""Tian Mou","田牟""Tian Qianzhen","田乾眞""Tian Shengong","田神功""Tian Shenyu","田神玉""Tian Shikang","田世康""Tian Xijian","田希鑒""Tian Xu","田緒""Tian Yue","田悅""Tian Zaiyou","田在宥""Tian Zan","田瓚""Wan Bo","關播""Wang  Shichong","王世充""Wang Ang","王昂""Wang Bo","王播""Wang Chengzong","王承宗""Wang Deren","王德仁""Wang Duo","王鐸""Wang E","王鍔""Wang Fan","王璠""Wang Fu","王撫""Wang Fu","王俌""Wang Guangfu","王光輔""Wang Gui","王軌""Wang Gui","王龜""Wang Gui","王珪""Wang Hong","王翃""Wang Hong","王紘""Wang Hong","王鉷""Wang Hua","汪華""Wang Hui","王徽""Wang Ji","王稷""Wang Jin","王縉""Wang Jingchong","王景崇""Wang Jishan","王及善""Wang Ju","王琚""Wang Jun","王晙""Wang Jun?","王君㚟""Wang June","王君愕""Wang Junkuo","王君廓""Wang Liao","王鐐""Wang Lin","王琳""Wang Ling","王陵""Wang Maoyuan","王茂元""Wang Maozhong","王毛仲""Wang Nande","王難得""Wang Ning","王凝""Wang Pei","王沛""Wang Pu","王溥""Wang Qi","王起""Wang Qiu","王丘""Wang Qiyao","王栖曜""Wang Renjiao","王仁皎""Wang Rong","王戎""Wang Shao","王紹""Wang Shaoding","王紹鼎""Wang Shaoqing","王紹卿""Wang Shaoyi","王紹懿""Wang Sheng","王昇""Wang Shi","王式""Wang Shiping","王士平""Wang Shiqing","王士清""Wang Shizhen","王士眞""Wang Shouyi","王守一""Wang Shuwen","王叔文""Wang Sijing","王思敬""Wang Sili","王思禮""Wang Sui","王遂""Wang Sui","王遂""Wang Tingcou","王廷湊""Wang Tingcou","王庭湊""Wang Tongjiao","王同皎""Wang Tuan","王摶""Wang Wei","王威""Wang Wei","王緯""Wang Wujun","王武俊""Wang Xingben","王行本""Wang Xiongdan","王雄誕""Wang Xuanzhi","王玄志""Wang Ya","王涯""Wang Yan","王炎""Wang Yanping","王晏平""Wang Yanwei","王彥威""Wang Yanzai","王晏宰""Wang Yao","王蕘""Wang Yi","王翊""Wang Yi","王翊""Wang Yuankui","王元逵""Wang Zai(2)","王宰""Wang Zhao","王沼""Wang Zhengya","王正雅""Wang Zhi","王質""Wang Zhixing","王智興""Wang Zhiyin","王志愔""Wang Zhongsheng","王仲昇""Wang Zhongsi","王忠嗣""Wei Anshi","韋安石""Wei Ao","韋澳""Wei Baoheng","韋保衡""Wei Biaowei","韋表微""Wei Bin","韋斌""Wei Bo","韋播""Wei Bo","韋博""Wei Boyu","衛伯玉""Wei Changyu","韋長裕""Wei Chao","韋超""Wei Cheng","韋逞""Wei Chengqing","韋承慶""Wei Chuhou","韋處厚""Wei Ci","韋辭""Wei Cigong","衛次公""Wei Cong","韋琮""Wei Cou","韋湊""Wei E","韋諤""Wei Fu(2)","韋孚""Wei Fusi","韋福嗣""Wei Gao","韋臯""Wei Gao","韋皋""Wei Guanzhi","韋貫之""Wei Heng","韋恆""Wei Hongbiao","韋弘表""Wei Hongjing","韋弘景""Wei Ji","韋濟""Wei Jian","韋堅""Wei Jiansu","韋見素""Wei Jie","韋捷""Wei Juyuan","韋巨源""Wei Kang","韋抗""Wei Kuang","韋況""Wei Lun","韋倫""Wei Lun","韋倫""Wei Shaoyou","魏少遊""Wei Sheng","韋繩""Wei Shi","韋氏""Wei Shou","韋綬""Wei Shou","韋綬""Wei Shu","韋述""Wei Shuxia","韋叔夏""Wei Sili","韋嗣立""Wei Siqian","韋思謙""Wei Tao","韋縚""Wei Tian","魏恬""Wei Ting","韋挺""Wei Wei","韋維""Wei Wen","韋溫""Wei Wensheng","衛文昇""Wei Xiaojie","衛孝節""Wei Xiaqing","韋夏卿""Wei Xuan","韋璿""Wei Xuantong","魏玄同""Wei Xuanzhen","韋玄貞""Wei Xun(5)","韋纁""Wei Xuxin","韋虛心""Wei Xuzhou","韋虛舟""Wei Yi(2)","韋顗""Wei Yifan","韋貽範""Wei You","韋逌""Wei Yuanfu","韋元甫""Wei Yuangui","韋元珪""Wei Yunqi","韋雲起""Wei Zhaodu","韋昭度""Wei Zheng","魏徵""Wei Zhenzai","魏真宰""Wei Zhi(2)","韋陟""Wei Zhigu","魏知古""Wei Zhiren","韋知人""Wei Zhu","衛洙""Wei Zhuo","韋濯""Wen Yanbo","溫彥博""Wen Yanhong","溫彥弘""Wen Zao","溫造""Wen Zhang","溫璋""Wenren Suian","聞人遂安""Wu Cheng","吳澄""Wu Chongfu","烏崇福""Wu Cou","吳湊""Wu Heita","吳黑闥""Wu Jing","武敬""Wu Jing","吳兢""Wu Jiong","毋煚""Wu Linggui","吳令珪""Wu Lingxun","武令珣""Wu Lingyao","吳令瑤""Wu Ruheng","武儒衡""Wu Sansi","武三思""Wu Shaocheng","吳少誠""Wu Shaoyang","吳少陽""Wu Shileng","武士稜""Wu Shiyi","武士逸""Wu Shiyue","武士彠""Wu Xu","吳漵""Wu Yanxiu","武延秀""Wu Youzhi","武攸止""Wu Yuanheng","武元衡""Wu Yuanji","吳元濟""Wu Yuanji","吳元濟""Wu Zetian(F)","武則天""Wu Zhen","武甄""Wu Zhongru","吳仲孺""Wu Zhongyin","烏重胤""Xi Jin","席晉""Xi Shimei","郗士美""Xi Yu","席豫""Xi Zhi","奚陟""Xiahou Zi","夏侯孜""Xiang Runke","向潤客""Xianyu Shuming","鮮于叔明""Xianyu Zhongtong","鮮于仲通""Xiao Ben","蕭本""Xiao Ding","蕭鼎""Xiao Fu","蕭復""Xiao Heng","蕭衡""Xiao Hu","蕭祜""Xiao Hua","蕭華""Xiao Jing","蕭璟""Xiao Pei","蕭佩""Xiao Ru","蕭儒""Xiao Rui","蕭銳""Xiao Sheng(2)","蕭升""Xiao Si","蕭偲""Xiao Siye","蕭嗣業""Xiao Song","蕭嵩""Xiao Wei","蕭位""Xiao Xin","蕭昕""Xiao Xin","蕭昕""Xiao Yan","蕭巖""Xiao Ye","蕭鄴""Xiao Yingshi","蕭穎士""Xiao You","蕭祐""Xiao Yu","蕭瑀""Xiao Zao","蕭造""Xiao Zhizhong","蕭至忠""Xie Shufang","謝叔方""Xin Maojiang","辛茂將""Xin Mi","辛祕""Xin Tipi","辛替否""Xin Yunjing","辛雲京""Xing Junya","邢君牙""Xiong Wang","熊望""Xu Can","徐粲""Xu Guidao","徐歸道""Xu Hong","徐洪""Xu Huangyu","徐璜玉""Xu Hui","徐晦""Xu Hui","徐惠""Xu Jian","徐堅""Xu Jingxian","許景先""Xu Jingye","徐敬業""Xu Jingzong","許敬宗""Xu Lingyan","徐令言""Xu Mengrong","許孟容""Xu Shixu","許世緒""Xu Xiaode","徐孝德""Xu Yougong","徐有功""Xu Yuanlang","徐圓朗""Xu Yushi","許圉師""Xue ?","薛㟧""Xue Bao","薛寶""Xue Baoxun","薛保遜""Xue Bo","薛播""Xue Chongjian","薛崇簡""Xue Chuyu","薛楚玉""Xue Cuncheng","薛存誠""Xue Daoheng","薛道衡""Xue Fang","薛放""Xue Ji","薛岌""Xue Jianxun","薛兼訓""Xue Jichang","薛季昶""Xue Jingxian","薛景先""Xue Jue","薛珏""Xue Kegou","薛克構""Xue Ne","薛訥""Xue Pi","薛伾""Xue Ping","薛平""Xue Qianguang","薛謙光""Xue Rengui","薛仁貴""Xue Rong","薛戎""Xue Shen","薛深""Xue Song","薛嵩""Xue Tinglao","薛庭老""Xue Wanche","薛萬徹""Xue Xian","薛獻""Xue Xiong","薛雄""Xue Zhaowei","薛昭緯""Yan Gaoqing","顏杲卿""Yan Juyuan","閻巨源""Yan Li","嚴礪""Yan Minchu","顏愍楚""Yan Shigu","顏師古""Yan Shou","嚴綬""Yan Silu","顏思魯""Yan Tingzhi","嚴挺之""Yan Wu","嚴武""Yan Zhen","嚴震""Yan Zhenqing","顏真卿""Yang Chaosheng","楊朝晟""Yang Chaosheng","楊朝晟""Yang Chongjing","楊崇敬""Yang Fa","楊發""Yang Fang","楊昉""Yang Gongren(2)","楊恭仁""Yang Guozhong","楊國忠""Yang Hangong","楊漢公""Yang Huaibin","楊懷賓""Yang Huiyuan","陽惠元""Yang Jingfu","楊景復""Yang Jun","楊均""Yang Linfu","楊林甫""Yang Longli","楊隆禮""Yang Lve","楊略""Yang Ping","楊憑""Yang Qiao","陽嶠""Yang Rushi","楊汝士""Yang Shaofu","楊紹復""Yang She","楊涉""Yang Shenjin","楊愼矜""Yang Shidao","楊師道""Yang Shifu","楊師復""Yang Shou","楊授""Yang Shou","楊收""Yang Sifu","楊嗣復""Yang Sijing","楊思敬""Yang Sixuan","楊思玄""Yang Sixun","楊思訓""Yang Su","楊素""Yang Sun","楊損""Yang Wan(4)","楊綰""Yang Wengan","楊文幹""Yang Xian","楊銛""Yang Xuangan","楊玄感""Yang Xuangui","楊玄珪""Yang Xuanjiao","楊玄璬""Yang Xuanyan","楊玄琰""Yang Yan","楊炎""Yang Yan(4)","楊嚴""Yang Yang","楊瑒""Yang Yanzong","楊延宗""Yang Yichen","楊義臣""Yang Yuanqing","楊元卿""Yang Yuanyan","楊元琰""Yang Yuhuan","楊玉環""Yang Yuling","楊於陵""Yang Yuqing","楊虞卿""Yang Yuzhi","楊豫之""Yang Zaisi","楊再思""Yang Zhengdao","楊正道""Yang Zhiqing","楊知慶""Yang Zhongchang","楊仲昌""Yao Chong","姚崇""Yao He","姚合""Yao Kuang","姚況""Yao Lingyan","姚令言""Yao Nanzhong","姚南仲""Yao Shu","姚璹""Yao Ting","姚珽""Yao Xu","姚勗""Yao Yi","姚奕""Yao Yi(2)","姚懿""Yao Ziang","藥子昂""Yi Shen","伊慎""Yin Buhai","殷不害""Yin Qiao","殷嶠""Yin Sengshou","殷僧首""Yin Sizhen","尹思貞""Yin Yingsun","殷盈孫""Yin You","殷侑""Yin Ziqi","尹子奇""Yu Ao","于敖""Yu Chaoen","魚朝恩""Yu Cong","于琮""Yu Di","于頔""Yu Gongyi","于公異""Yu Jiyou","于季友""Yu Juluo","魚俱羅""Yu Qi","于頎""Yu Shao","于邵""Yu Shiji","虞世基""Yu Shinan","虞世南""Yu Su","于肅""Yu Xin","庾信""Yu Xiulie","于休烈""Yu Yun","于筠""Yu Zhining","于志寧""Yu Zhun","庾準""Yuan Baozang","元寶藏""Yuan Bohe","元伯和""Yuan Dexiu","元德秀""Yuan Gao","袁高""Yuan Guangting","袁光庭""Yuan Guangyu","源光裕""Yuan Junzhang","苑君璋""Yuan Qianyao","源乾曜""Yuan San","袁傪""Yuan Shuji","袁恕己""Yuan Wei","源洧""Yuan Xingchong","元行沖""Yuan Xiu","元琇""Yuan Zai","元載""Yuan Zhen","元稹""Yuan Zhongwu","元仲武""Yuan Zigan","袁子幹""Yuchi Gong","尉遲恭""Yuwen Huaji","宇文化及""Yuwen Ji","宇文籍""Yuwen Jie","宇文節""Yuwen Rong","宇文融""Yuwen Shiji","宇文士及""Yuwen Shu","宇文述""Yuwen Xin","宇文歆""Yuwen Zhiji","宇文智及""Zhang Ang","張昂""Zhang Baoxiang","張寶相""Zhang Bi","張弼""Zhang Boyi","張伯儀""Zhang Changgui","張長貴""Zhang Changxun","張長遜""Zhang Chenhe","張臣合""Zhang Chongguang","張重光""Zhang Cizong","張次宗""Zhang Da","張達""Zhang Daoyuan","張道源""Zhang Du","張讀""Zhang Gao","張皋""Zhang Gao(7)","張鎬""Zhang Gongjin","張公謹""Zhang Guangfu","張光輔""Zhang Hongjing","張弘靖""Zhang Houde","張侯德""Zhang Ji","張垍""Zhang Ji","張籍""Zhang Jian","張薦""Zhang Jian","張戩""Zhang Jianfeng","張建封""Zhang Jianfeng","張建封""Zhang Jianzhi","張柬之""Zhang Jiayou","張嘉祐""Zhang Jiazhen","張嘉貞""Zhang Jin","張瑾""Zhang Jing","張璟""Zhang Jingze","張敬則""Zhang Jinshu","張金樹""Zhang Jiugao","張九皋""Zhang Jiuling","張九齡""Zhang Ju","張舉""Zhang Jun","張均""Zhang Keqin","張克勤""Zhang Liang","張良""Zhang Liang","張亮""Zhang Lun","張綸""Zhang Maohe","張茂和""Zhang Maoshu","張茂樞""Zhang Maozhao","張茂昭""Zhang Maozong(2)","張茂宗""Zhang Meng","張濛""Zhang Pang","張滂""Zhang Pang","張滂""Zhang Pinggao","張平高""Zhang Qiqiu","張齊丘""Zhang Quyi","張去逸""Zhang Renyuan","張仁愿""Zhang Shanan","張善安""Zhang Shougui","張守珪""Zhang Shouqi","張守琦""Zhang Shouyu","張守瑜""Zhang Song","張嵩""Zhang Su","張宿""Zhang Tingfan","張廷範""Zhang Tinggui","張廷珪""Zhang Tongru","張通儒""Zhang Wanfu","張萬福""Zhang Wansui","張萬歲""Zhang Wei","張暐""Zhang Wencong","張文琮""Zhang Wenguan","張文瓘""Zhang Wengui","張文規""Zhang Wenshou","張文收""Zhang Xiancheng","張獻誠""Zhang Xianfu","張獻甫""Zhang Xiangong","張獻恭""Zhang Xiaozhong(3)","張孝忠""Zhang Xifu","張希復""Zhang Xin","張昕""Zhang Xu","張煦""Zhang Xun","張濬""Zhang Yanshang","張延賞""Zhang Yi","張禕""Zhang Yi(16)","張鎰""Zhang Yifu","張毅夫""Zhang Yin","張愔""Zhang Yizhi","張易之""Zhang Youxin","張又新""Zhang Yue","張說""Zhang Yue","張越""Zhang Zheng","張拯""Zhang Zhengfu","張正甫""Zhang Zhi","張志""Zhang Zhifu","張之輔""Zhang Zhongfang","張仲方""Zhangsun Anye","長孫安業""Zhangsun Wuji","長孫無忌""Zhao Chang","趙昌""Zhao Chengen","趙承恩""Zhao Chongguo","趙充國""Zhao Cihao","趙慈皓""Zhao Cong(2)","趙縱""Zhao Fu","趙復""Zhao Guozhen","趙國珍""Zhao Hao","趙鎬""Zhao Hongan","趙弘安""Zhao Jing","趙憬""Zhao Jing","趙敬""Zhao Jing","趙憬""Zhao Jing","趙憬""Zhao Junde","趙君德""Zhao Lvwen","趙履溫""Zhao Shida","趙士達""Zhao Wugai","趙武蓋""Zhao Yanzhao","趙彥昭""Zhao Yin","趙隱""Zhao Yuankai","趙元楷""Zhao Zan","趙贊""Zhao Zongru","趙宗儒""Zheng Chuhui","鄭處誨""Zheng Congdang","鄭從讜""Zheng Hao","鄭顥""Zheng Huan","鄭澣""Zheng Maoxiu","鄭茂休""Zheng Qi","鄭綮""Zheng Quan","鄭權""Zheng Quan","鄭權""Zheng Renbiao","鄭仁表""Zheng Rentai","鄭仁泰""Zheng Shanguo","鄭善果""Zheng Su","鄭肅""Zheng Tian","鄭畋""Zheng Ting","鄭頲""Zheng Weizhong","鄭惟忠""Zheng Xun","鄭薰""Zheng Yanchang","鄭延昌""Zheng Yao","鄭繇""Zheng Yin","鄭愔""Zheng Yin","鄭絪""Zheng Yin(2)","鄭絪""Zheng Yuan","鄭元""Zheng Yuanshu","鄭元璹""Zheng Yunmu","鄭允謨""Zheng Yuqing","鄭餘慶""Zheng Zhide","鄭祇徳""Zheng Zhu","鄭注""Zhong Shaojing","鍾紹京""Zhou Chi","周墀""Zhou Faming","周法明""Zhou Xing","周興""Zhou Yunyuan","周允元""Zhou Zhiguang","周智光""Zhu Jingze","朱敬則""Zhu Pu","朱朴""Zhu Qinming","祝欽明""Zhu Quanzhong","朱全忠""Zhu Rengui","朱仁軌""Zhu Tao","朱滔""Zhu Xicai","朱希彩""Zhu Zhongliang","朱忠亮""Zhu Zi","朱泚""Zhuge Dewei","諸葛德威""Zong Chuke","宗楚客""Zu Junyan","祖君彥""Zuo Nandang","左難當""Zuo Youxian","左遊仙"